title,company,city,job_type,salary,link
Django) Senior Python Developer),نوبیتکس | Nobitex,تهران، تهران,قرارداد تمام‌وقت,(حقوق توافقی),https://jobinja.ir/companies/nobitex-1/jobs/RiYt/%D8%A7%D8%B3%D8%AA%D8%AE%D8%AF%D8%A7%D9%85-django-senior-python-developer-%D8%AF%D8%B1-%D9%86%D9%88%D8%A8%DB%8C%D8%AA%DA%A9%D8%B3?_ref=16
برنامه‌نویس ارشد Django,گروه مالی دارایا | Daraya,تهران، تهران,قرارداد تمام‌وقت,"(حقوق از ۲۴,۰۰۰,۰۰۰ تومان)",https://jobinja.ir/companies/daraya/jobs/CFuf/%D8%A7%D8%B3%D8%AA%D8%AE%D8%AF%D8%A7%D9%85-%D8%A8%D8%B1%D9%86%D8%A7%D9%85%D9%87-%D9%86%D9%88%DB%8C%D8%B3-%D8%A7%D8%B1%D8%B4%D8%AF-django-%D8%AF%D8%B1-%DA%AF%D8%B1%D9%88%D9%87-%D9%85%D8%A7%D9%84%DB%8C-%D8%AF%D8%A7%D8%B1%D8%A7%DB%8C%D8%A7?_ref=16
Senior Software Engineer (Django),شیپ آپ | Shipup,تهران، تهران,قرارداد تمام‌وقت,"(حقوق از ۳۰,۰۰۰,۰۰۰ تومان)",https://jobinja.ir/companies/shipup/jobs/CtKd/%D8%A7%D8%B3%D8%AA%D8%AE%D8%AF%D8%A7%D9%85-senior-software-engineer-django-%D8%AF%D8%B1-%D8%B4%DB%8C%D9%BE-%D8%A2%D9%BE?_ref=16
(Python Developer (Django,پیک عصر نوین تجارت مجازی | Peyke Asre Novin Tejarate Majazi,تهران، تهران,قرارداد تمام‌وقت,"(حقوق از ۱۲,۰۰۰,۰۰۰ تومان)",https://jobinja.ir/companies/peyke-asre-novin-tejarate-majazi/jobs/CJtP/%D8%A7%D8%B3%D8%AA%D8%AE%D8%AF%D8%A7%D9%85-python-developer-django-%D8%AF%D8%B1-%D9%BE%DB%8C%DA%A9-%D8%B9%D8%B5%D8%B1-%D9%86%D9%88%DB%8C%D9%86-%D8%AA%D8%AC%D8%A7%D8%B1%D8%AA-%D9%85%D8%AC%D8%A7%D8%B2%DB%8C?_ref=16
Junior Django Developer,کارگزاری مفید | Mofid Securities,تهران، تهران,قرارداد تمام‌وقت,(حقوق توافقی),https://jobinja.ir/companies/mofid-securities/jobs/C2Qh/%D8%A7%D8%B3%D8%AA%D8%AE%D8%AF%D8%A7%D9%85-junior-django-developer-%D8%AF%D8%B1-%DA%A9%D8%A7%D8%B1%DA%AF%D8%B2%D8%A7%D8%B1%DB%8C-%D9%85%D9%81%DB%8C%D8%AF?_ref=16
Senior Python (Django) Developer,درتا | Dorta,تهران، تهران,قرارداد تمام‌وقت,(حقوق توافقی),https://jobinja.ir/companies/tetbaz/jobs/C0El/%D8%A7%D8%B3%D8%AA%D8%AE%D8%AF%D8%A7%D9%85-senior-python-django-developer-%D8%AF%D8%B1-%D8%AF%D8%B1%D8%AA%D8%A7?_ref=16
برنامه‌نویس Django,فناوران اطلاعات خبره | Fanavaran,تهران، تهران,قرارداد تمام‌وقت,(حقوق توافقی),https://jobinja.ir/companies/fanavaran-5/jobs/Ce62/%D8%A7%D8%B3%D8%AA%D8%AE%D8%AF%D8%A7%D9%85-%D8%A8%D8%B1%D9%86%D8%A7%D9%85%D9%87-%D9%86%D9%88%DB%8C%D8%B3-django-%D8%AF%D8%B1-%D9%81%D9%86%D8%A7%D9%88%D8%B1%D8%A7%D9%86-%D8%A7%D8%B7%D9%84%D8%A7%D8%B9%D8%A7%D8%AA-%D8%AE%D8%A8%D8%B1%D9%87?_ref=16
(Senior Back-End Developer (Django,آریاناپی | ArianaPay,تهران، تهران,قرارداد پاره‌وقت,"(حقوق از ۱۸,۰۰۰,۰۰۰ تومان)",https://jobinja.ir/companies/ariana-pay/jobs/CFdV/%D8%A7%D8%B3%D8%AA%D8%AE%D8%AF%D8%A7%D9%85-senior-back-end-developer-django-%D8%AF%D8%B1-%D8%A2%D8%B1%DB%8C%D8%A7%D9%86%D8%A7%D9%BE%DB%8C?_ref=16
(Django) Full Stack Web Developer,توسعه هوش مصنوعی ریکانت | RECONT AI,تهران، تهران,قرارداد تمام‌وقت,(حقوق توافقی),https://jobinja.ir/companies/recont-ai/jobs/CzDQ/%D8%A7%D8%B3%D8%AA%D8%AE%D8%AF%D8%A7%D9%85-django-full-stack-web-developer-%D8%AF%D8%B1-%D8%AA%D9%88%D8%B3%D8%B9%D9%87-%D9%87%D9%88%D8%B4-%D9%85%D8%B5%D9%86%D9%88%D8%B9%DB%8C-%D8%B1%DB%8C%DA%A9%D8%A7%D9%86%D8%AA?_ref=16
(Senior Back-End Developer (Django,آرتا سرمایه ایرانیان | Arta Capital,تهران، تهران,قرارداد تمام‌وقت,(حقوق توافقی),https://jobinja.ir/companies/arta-capital/jobs/R1Si/%D8%A7%D8%B3%D8%AA%D8%AE%D8%AF%D8%A7%D9%85-senior-back-end-developer-django-%D8%AF%D8%B1-%D8%A2%D8%B1%D8%AA%D8%A7-%D8%B3%D8%B1%D9%85%D8%A7%DB%8C%D9%87-%D8%A7%DB%8C%D8%B1%D8%A7%D9%86%DB%8C%D8%A7%D9%86?_ref=16
(Senior Back-End Developer (Django,ویترین | vitrin.me,تهران، تهران,قرارداد تمام‌وقت,"(حقوق از ۳۰,۰۰۰,۰۰۰ تومان)",https://jobinja.ir/companies/vitrin-me/jobs/RiKN/%D8%A7%D8%B3%D8%AA%D8%AE%D8%AF%D8%A7%D9%85-senior-back-end-developer-django-%D8%AF%D8%B1-%D9%88%DB%8C%D8%AA%D8%B1%DB%8C%D9%86?_ref=16
(Senior Back-End Developer (Django,استارت آپ هم افزا | HamAfza Startup,تهران، تهران,قرارداد تمام‌وقت,(حقوق توافقی),https://jobinja.ir/companies/startup-24/jobs/CcoD/%D8%A7%D8%B3%D8%AA%D8%AE%D8%AF%D8%A7%D9%85-senior-back-end-developer-django-%D8%AF%D8%B1-%D8%A7%D8%B3%D8%AA%D8%A7%D8%B1%D8%AA-%D8%A2%D9%BE-%D9%87%D9%85-%D8%A7%D9%81%D8%B2%D8%A7?_ref=16
برنامه‌نویس ارشد Back-End,روبیکا(واحد توسعه پشتیبانی) | Rubika,تهران، تهران,قرارداد تمام‌وقت,(حقوق توافقی),https://jobinja.ir/companies/royaye-tose-ertebatate-pouyan/jobs/CeSG/%D8%A7%D8%B3%D8%AA%D8%AE%D8%AF%D8%A7%D9%85-%D8%A8%D8%B1%D9%86%D8%A7%D9%85%D9%87-%D9%86%D9%88%DB%8C%D8%B3-%D8%A7%D8%B1%D8%B4%D8%AF-back-end-%D8%AF%D8%B1-%D8%B1%D9%88%D8%A8%DB%8C%DA%A9%D8%A7-%D9%88%D8%A7%D8%AD%D8%AF-%D8%AA%D9%88%D8%B3%D8%B9%D9%87-%D9%BE%D8%B4%D8%AA%DB%8C%D8%A8%D8%A7%D9%86%DB%8C?_ref=16
Senior Python Developer,تحلیلگران اطلاعات پویا بین الملل | Tahlilgaran,تهران، تهران,قرارداد تمام‌وقت,(حقوق توافقی),https://jobinja.ir/companies/tahlilgaran-1/jobs/CAT4/%D8%A7%D8%B3%D8%AA%D8%AE%D8%AF%D8%A7%D9%85-senior-python-developer-%D8%AF%D8%B1-%D8%AA%D8%AD%D9%84%DB%8C%D9%84%DA%AF%D8%B1%D8%A7%D9%86-%D8%A7%D8%B7%D9%84%D8%A7%D8%B9%D8%A7%D8%AA-%D9%BE%D9%88%DB%8C%D8%A7-%D8%A8%DB%8C%D9%86-%D8%A7%D9%84%D9%85%D9%84%D9%84?_ref=16
Senior Python Developer,کارگزاری مفید | Mofid Securities,تهران، تهران,قرارداد تمام‌وقت,(حقوق توافقی),https://jobinja.ir/companies/mofid-securities/jobs/CFaW/%D8%A7%D8%B3%D8%AA%D8%AE%D8%AF%D8%A7%D9%85-senior-python-developer-%D8%AF%D8%B1-%DA%A9%D8%A7%D8%B1%DA%AF%D8%B2%D8%A7%D8%B1%DB%8C-%D9%85%D9%81%DB%8C%D8%AF?_ref=16
برنامه‌نویس ارشد پایتون,پردازش و ذخیره سازی سریع داده (پرسا) | HPDS (High Performance Data Storage System),تهران، تهران,قرارداد تمام‌وقت,"(حقوق از ۲۰,۰۰۰,۰۰۰ تومان)",https://jobinja.ir/companies/hpds-high-performance-data-storage-system/jobs/CcmA/%D8%A7%D8%B3%D8%AA%D8%AE%D8%AF%D8%A7%D9%85-%D8%A8%D8%B1%D9%86%D8%A7%D9%85%D9%87-%D9%86%D9%88%DB%8C%D8%B3-%D8%A7%D8%B1%D8%B4%D8%AF-%D9%BE%D8%A7%DB%8C%D8%AA%D9%88%D9%86-%D8%AF%D8%B1-%D9%BE%D8%B1%D8%AF%D8%A7%D8%B2%D8%B4-%D9%88-%D8%B0%D8%AE%DB%8C%D8%B1%D9%87-%D8%B3%D8%A7%D8%B2%DB%8C-%D8%B3%D8%B1%DB%8C%D8%B9-%D8%AF%D8%A7%D8%AF%D9%87-%D9%BE%D8%B1%D8%B3%D8%A7?_ref=16
طراح ارشد رابط کاربری گرافیکی GUI,فیدار گستر | Fidar Gostar,تهران، تهران,قرارداد پاره‌وقت,"(حقوق از ۲۰,۰۰۰,۰۰۰ تومان)",https://jobinja.ir/companies/fidar-gostar/jobs/CJJJ/%D8%A7%D8%B3%D8%AA%D8%AE%D8%AF%D8%A7%D9%85-%D8%B7%D8%B1%D8%A7%D8%AD-%D8%A7%D8%B1%D8%B4%D8%AF-%D8%B1%D8%A7%D8%A8%D8%B7-%DA%A9%D8%A7%D8%B1%D8%A8%D8%B1%DB%8C-%DA%AF%D8%B1%D8%A7%D9%81%DB%8C%DA%A9%DB%8C-gui-%D8%AF%D8%B1-%D9%81%DB%8C%D8%AF%D8%A7%D8%B1-%DA%AF%D8%B3%D8%AA%D8%B1?_ref=16
Senior Python Developer,آدلاس | ADLAS,تهران، تهران,قرارداد تمام‌وقت,(حقوق توافقی),https://jobinja.ir/companies/adlas/jobs/CzmG/%D8%A7%D8%B3%D8%AA%D8%AE%D8%AF%D8%A7%D9%85-senior-python-developer-%D8%AF%D8%B1-%D8%A2%D8%AF%D9%84%D8%A7%D8%B3?_ref=16
(Senior Back-End Developer (Python,توسعه راهکارهای توزیع شده کارا | Kara,تهران، تهران,قرارداد تمام‌وقت,(حقوق توافقی),https://jobinja.ir/companies/kara-17/jobs/CqOt/%D8%A7%D8%B3%D8%AA%D8%AE%D8%AF%D8%A7%D9%85-senior-back-end-developer-python-%D8%AF%D8%B1-%D8%AA%D9%88%D8%B3%D8%B9%D9%87-%D8%B1%D8%A7%D9%87%DA%A9%D8%A7%D8%B1%D9%87%D8%A7%DB%8C-%D8%AA%D9%88%D8%B2%DB%8C%D8%B9-%D8%B4%D8%AF%D9%87-%DA%A9%D8%A7%D8%B1%D8%A7?_ref=16
برنامه‌نویس فول استک (Full-Stack Developer),املاک سازان آکو سام | AcoSam,تهران، تهران,قرارداد تمام‌وقت,(حقوق توافقی),https://jobinja.ir/companies/acosam/jobs/CFrQ/%D8%A7%D8%B3%D8%AA%D8%AE%D8%AF%D8%A7%D9%85-%D8%A8%D8%B1%D9%86%D8%A7%D9%85%D9%87-%D9%86%D9%88%DB%8C%D8%B3-%D9%81%D9%88%D9%84-%D8%A7%D8%B3%D8%AA%DA%A9-full-stack-developer-%D8%AF%D8%B1-%D8%A7%D9%85%D9%84%D8%A7%DA%A9-%D8%B3%D8%A7%D8%B2%D8%A7%D9%86-%D8%A2%DA%A9%D9%88-%D8%B3%D8%A7%D9%85?_ref=16
برنامه‌نویس ارشد Python (آقا),رهپو صنعت پیشرو | Rahpoo Sanat Pishro,تهران، تهران,قرارداد تمام‌وقت,(حقوق توافقی),https://jobinja.ir/companies/rahpoo-san-at-pishro/jobs/CJ8C/%D8%A7%D8%B3%D8%AA%D8%AE%D8%AF%D8%A7%D9%85-%D8%A8%D8%B1%D9%86%D8%A7%D9%85%D9%87-%D9%86%D9%88%DB%8C%D8%B3-%D8%A7%D8%B1%D8%B4%D8%AF-python-%D8%A2%D9%82%D8%A7-%D8%AF%D8%B1-%D8%B1%D9%87%D9%BE%D9%88-%D8%B5%D9%86%D8%B9%D8%AA-%D9%BE%DB%8C%D8%B4%D8%B1%D9%88?_ref=16
Node.js Developer,بهينه داده پردازان رايمون | Raymon,تهران، تهران,قرارداد تمام‌وقت,"(حقوق از ۲۴,۰۰۰,۰۰۰ تومان)",https://jobinja.ir/companies/raymon-1/jobs/RaVe/%D8%A7%D8%B3%D8%AA%D8%AE%D8%AF%D8%A7%D9%85-node-js-developer-%D8%AF%D8%B1-%D8%A8%D9%87%D9%8A%D9%86%D9%87-%D8%AF%D8%A7%D8%AF%D9%87-%D9%BE%D8%B1%D8%AF%D8%A7%D8%B2%D8%A7%D9%86-%D8%B1%D8%A7%D9%8A%D9%85%D9%88%D9%86?_ref=16
Django Developer,اتصال یکپارچه | Ettesal Yekparcheh,تهران، تهران,قرارداد تمام‌وقت,(حقوق توافقی),https://jobinja.ir/companies/ettesal-yekparcheh/jobs/C05K/%D8%A7%D8%B3%D8%AA%D8%AE%D8%AF%D8%A7%D9%85-django-developer-%D8%AF%D8%B1-%D8%A7%D8%AA%D8%B5%D8%A7%D9%84-%DB%8C%DA%A9%D9%BE%D8%A7%D8%B1%DA%86%D9%87?_ref=16
برنامه‌نویس پایتون (Django),ارتباطات بارقه پردیس | Baregheh Pardis,تهران، تهران,قرارداد تمام‌وقت,"(حقوق از ۱۰,۰۰۰,۰۰۰ تومان)",https://jobinja.ir/companies/baregheh/jobs/CzSm/%D8%A7%D8%B3%D8%AA%D8%AE%D8%AF%D8%A7%D9%85-%D8%A8%D8%B1%D9%86%D8%A7%D9%85%D9%87-%D9%86%D9%88%DB%8C%D8%B3-%D9%BE%D8%A7%DB%8C%D8%AA%D9%88%D9%86-django-%D8%AF%D8%B1-%D8%A7%D8%B1%D8%AA%D8%A8%D8%A7%D8%B7%D8%A7%D8%AA-%D8%A8%D8%A7%D8%B1%D9%82%D9%87-%D9%BE%D8%B1%D8%AF%DB%8C%D8%B3?_ref=16
Django Developer (جنگو),بهینه سازان سرزمین هوشمند | Smart Land Optimizers,تهران، تهران,قرارداد پاره‌وقت,(حقوق توافقی),https://jobinja.ir/companies/smart-land-optimizers/jobs/Cz8n/%D8%A7%D8%B3%D8%AA%D8%AE%D8%AF%D8%A7%D9%85-django-developer-%D8%AC%D9%86%DA%AF%D9%88-%D8%AF%D8%B1-%D8%A8%D9%87%DB%8C%D9%86%D9%87-%D8%B3%D8%A7%D8%B2%D8%A7%D9%86-%D8%B3%D8%B1%D8%B2%D9%85%DB%8C%D9%86-%D9%87%D9%88%D8%B4%D9%85%D9%86%D8%AF?_ref=16
برنامه‌نویس Django,سی پل | CPOL,تهران، تهران,قرارداد تمام‌وقت,(حقوق توافقی),https://jobinja.ir/companies/cpol-2/jobs/Czus/%D8%A7%D8%B3%D8%AA%D8%AE%D8%AF%D8%A7%D9%85-%D8%A8%D8%B1%D9%86%D8%A7%D9%85%D9%87-%D9%86%D9%88%DB%8C%D8%B3-django-%D8%AF%D8%B1-%D8%B3%DB%8C-%D9%BE%D9%84?_ref=16
Python Developer (Django),توسعه راهکارهای هوشمند آریس | ARIS ISD,تهران، تهران,قرارداد تمام‌وقت,(حقوق توافقی),https://jobinja.ir/companies/farda-intelligent-communicationg-solution/jobs/CYW5/%D8%A7%D8%B3%D8%AA%D8%AE%D8%AF%D8%A7%D9%85-python-developer-django-%D8%AF%D8%B1-%D8%AA%D9%88%D8%B3%D8%B9%D9%87-%D8%B1%D8%A7%D9%87%DA%A9%D8%A7%D8%B1%D9%87%D8%A7%DB%8C-%D9%87%D9%88%D8%B4%D9%85%D9%86%D8%AF-%D8%A2%D8%B1%DB%8C%D8%B3?_ref=16
Django) Senior Python Developer),ایران پروموت | Iran Promote,تهران، تهران,قرارداد تمام‌وقت,"(حقوق از ۱۶,۰۰۰,۰۰۰ تومان)",https://jobinja.ir/companies/iranpromote/jobs/CzFI/%D8%A7%D8%B3%D8%AA%D8%AE%D8%AF%D8%A7%D9%85-django-senior-python-developer-%D8%AF%D8%B1-%D8%A7%DB%8C%D8%B1%D8%A7%D9%86-%D9%BE%D8%B1%D9%88%D9%85%D9%88%D8%AA?_ref=16
برنامه‌نویس (Python (Django,پژوهش نوین رایانه | PNR,تهران، تهران,قرارداد تمام‌وقت,(حقوق توافقی),https://jobinja.ir/companies/pnr/jobs/CzLL/%D8%A7%D8%B3%D8%AA%D8%AE%D8%AF%D8%A7%D9%85-%D8%A8%D8%B1%D9%86%D8%A7%D9%85%D9%87-%D9%86%D9%88%DB%8C%D8%B3-python-django-%D8%AF%D8%B1-%D9%BE%DA%98%D9%88%D9%87%D8%B4-%D9%86%D9%88%DB%8C%D9%86-%D8%B1%D8%A7%DB%8C%D8%A7%D9%86%D9%87?_ref=16
برنامه‌نویس Python/Django,مانا علم آریا | Kidacode,تهران، تهران,قرارداد تمام‌وقت,(حقوق توافقی),https://jobinja.ir/companies/mana-elm-aria/jobs/CJcG/%D8%A7%D8%B3%D8%AA%D8%AE%D8%AF%D8%A7%D9%85-%D8%A8%D8%B1%D9%86%D8%A7%D9%85%D9%87-%D9%86%D9%88%DB%8C%D8%B3-python-django-%D8%AF%D8%B1-%D9%85%D8%A7%D9%86%D8%A7-%D8%B9%D9%84%D9%85-%D8%A2%D8%B1%DB%8C%D8%A7?_ref=16
Full-Stack Developer (Django),مایکت | Myket,تهران، تهران,قرارداد تمام‌وقت,(حقوق توافقی),https://jobinja.ir/companies/myket/jobs/CJyc/%D8%A7%D8%B3%D8%AA%D8%AE%D8%AF%D8%A7%D9%85-full-stack-developer-django-%D8%AF%D8%B1-%D9%85%D8%A7%DB%8C%DA%A9%D8%AA?_ref=16
(Python Developer (Django,ایمیگو | Immigo,تهران، تهران,قرارداد تمام‌وقت,(حقوق توافقی),https://jobinja.ir/companies/immigo/jobs/C6Lr/%D8%A7%D8%B3%D8%AA%D8%AE%D8%AF%D8%A7%D9%85-python-developer-django-%D8%AF%D8%B1-%D8%A7%DB%8C%D9%85%DB%8C%DA%AF%D9%88?_ref=16
توسعه‌دهنده Django,تارنما گستر فرتاک | Tarnama Gostar Fartak,تهران، تهران,قرارداد تمام‌وقت,"(حقوق از ۶,۰۰۰,۰۰۰ تومان)",https://jobinja.ir/companies/rohamtechnology/jobs/C09f/%D8%A7%D8%B3%D8%AA%D8%AE%D8%AF%D8%A7%D9%85-%D8%AA%D9%88%D8%B3%D8%B9%D9%87-%D8%AF%D9%87%D9%86%D8%AF%D9%87-django-%D8%AF%D8%B1-%D8%AA%D8%A7%D8%B1%D9%86%D9%85%D8%A7-%DA%AF%D8%B3%D8%AA%D8%B1-%D9%81%D8%B1%D8%AA%D8%A7%DA%A9?_ref=16
(Back-End Developer (Django,ریزو استودیو | Rizo,تهران، تهران,قرارداد پاره‌وقت,(حقوق توافقی),https://jobinja.ir/companies/rizo-3/jobs/C0Ll/%D8%A7%D8%B3%D8%AA%D8%AE%D8%AF%D8%A7%D9%85-back-end-developer-django-%D8%AF%D8%B1-%D8%B1%DB%8C%D8%B2%D9%88-%D8%A7%D8%B3%D8%AA%D9%88%D8%AF%DB%8C%D9%88?_ref=16
Senior Django/Python Developer,نبکا | Nebka,تهران، تهران,قرارداد تمام‌وقت,"(حقوق از ۳۵,۰۰۰,۰۰۰ تومان)",https://jobinja.ir/companies/nebka-1/jobs/CLdR/%D8%A7%D8%B3%D8%AA%D8%AE%D8%AF%D8%A7%D9%85-senior-django-python-developer-%D8%AF%D8%B1-%D9%86%D8%A8%DA%A9%D8%A7?_ref=16
Python (Django) Developer,نقش اول کیفیت | Naghsh Aval Keyfiat,تهران، تهران,قرارداد تمام‌وقت,(حقوق توافقی),https://jobinja.ir/companies/naghsh-aval-keyfiat/jobs/CLFf/%D8%A7%D8%B3%D8%AA%D8%AE%D8%AF%D8%A7%D9%85-python-django-developer-%D8%AF%D8%B1-%D9%86%D9%82%D8%B4-%D8%A7%D9%88%D9%84-%DA%A9%DB%8C%D9%81%DB%8C%D8%AA?_ref=16
(Senior Software Engineer (Django,بهترینو | Behtarino,تهران، تهران,قرارداد تمام‌وقت,"(حقوق از ۳۵,۰۰۰,۰۰۰ تومان)",https://jobinja.ir/companies/behtarino/jobs/CL0u/%D8%A7%D8%B3%D8%AA%D8%AE%D8%AF%D8%A7%D9%85-senior-software-engineer-django-%D8%AF%D8%B1-%D8%A8%D9%87%D8%AA%D8%B1%DB%8C%D9%86%D9%88?_ref=16
(Back-End Developer (Django,مرکز نوآوری زرین نو | Chapter ONE Venture,تهران، تهران,قرارداد تمام‌وقت,(حقوق توافقی),https://jobinja.ir/companies/chapter-one-venture/jobs/CcuO/%D8%A7%D8%B3%D8%AA%D8%AE%D8%AF%D8%A7%D9%85-back-end-developer-django-%D8%AF%D8%B1-%D9%85%D8%B1%DA%A9%D8%B2-%D9%86%D9%88%D8%A2%D9%88%D8%B1%DB%8C-%D8%B2%D8%B1%DB%8C%D9%86-%D9%86%D9%88?_ref=16
برنامه‌نویس (Python (Django,آتیه اندیشان سرمایه تیام کیش | Atieh Andishan Sarmaye Tiyam Kish,تهران، تهران,قرارداد تمام‌وقت,(حقوق توافقی),https://jobinja.ir/companies/atieh-andishan-sarmaye-tiyam-kish/jobs/CqxK/%D8%A7%D8%B3%D8%AA%D8%AE%D8%AF%D8%A7%D9%85-%D8%A8%D8%B1%D9%86%D8%A7%D9%85%D9%87-%D9%86%D9%88%DB%8C%D8%B3-python-django-%D8%AF%D8%B1-%D8%A2%D8%AA%DB%8C%D9%87-%D8%A7%D9%86%D8%AF%DB%8C%D8%B4%D8%A7%D9%86-%D8%B3%D8%B1%D9%85%D8%A7%DB%8C%D9%87-%D8%AA%DB%8C%D8%A7%D9%85-%DA%A9%DB%8C%D8%B4?_ref=16
Python Developer(Django-دورکاری),زرین پلاس | Zarinplus,تهران، تهران,قرارداد دورکاری,(حقوق توافقی),https://jobinja.ir/companies/emtiyaz/jobs/7dz/%D8%A7%D8%B3%D8%AA%D8%AE%D8%AF%D8%A7%D9%85-python-developer-django-%D8%AF%D9%88%D8%B1%DA%A9%D8%A7%D8%B1%DB%8C-%D8%AF%D8%B1-%D8%B2%D8%B1%DB%8C%D9%86-%D9%BE%D9%84%D8%A7%D8%B3?_ref=16
(Back-End Developer (Django,استارت آپ هم افزا | HamAfza Startup,تهران، تهران,قرارداد تمام‌وقت,"(حقوق از ۱۰,۰۰۰,۰۰۰ تومان)",https://jobinja.ir/companies/startup-24/jobs/CcOt/%D8%A7%D8%B3%D8%AA%D8%AE%D8%AF%D8%A7%D9%85-back-end-developer-django-%D8%AF%D8%B1-%D8%A7%D8%B3%D8%AA%D8%A7%D8%B1%D8%AA-%D8%A2%D9%BE-%D9%87%D9%85-%D8%A7%D9%81%D8%B2%D8%A7?_ref=16
(Back-End Developer (Django,مایکت | Myket,تهران، تهران,قرارداد تمام‌وقت,(حقوق توافقی),https://jobinja.ir/companies/myket/jobs/CFYe/%D8%A7%D8%B3%D8%AA%D8%AE%D8%AF%D8%A7%D9%85-back-end-developer-django-%D8%AF%D8%B1-%D9%85%D8%A7%DB%8C%DA%A9%D8%AA?_ref=16
(Back-End Developer (Django,هم روش | Hamravesh,تهران، تهران,قرارداد تمام‌وقت,(حقوق توافقی),https://jobinja.ir/companies/hamravesh/jobs/C6tR/%D8%A7%D8%B3%D8%AA%D8%AE%D8%AF%D8%A7%D9%85-back-end-developer-django-%D8%AF%D8%B1-%D9%87%D9%85-%D8%B1%D9%88%D8%B4?_ref=16
(Back-End Developer (Django,دیجی فای | DIGIFY,تهران، تهران,قرارداد تمام‌وقت,(حقوق توافقی),https://jobinja.ir/companies/digify/jobs/CLfg/%D8%A7%D8%B3%D8%AA%D8%AE%D8%AF%D8%A7%D9%85-back-end-developer-django-%D8%AF%D8%B1-%D8%AF%DB%8C%D8%AC%DB%8C-%D9%81%D8%A7%DB%8C?_ref=16
Technical Team Lead (Remote-Django),تجارت همراه روناش | Ronash,تهران، تهران,قرارداد دورکاری,"(حقوق از ۳۵,۰۰۰,۰۰۰ تومان)",https://jobinja.ir/companies/ronashco/jobs/CJG0/%D8%A7%D8%B3%D8%AA%D8%AE%D8%AF%D8%A7%D9%85-technical-team-lead-remote-django-%D8%AF%D8%B1-%D8%AA%D8%AC%D8%A7%D8%B1%D8%AA-%D9%87%D9%85%D8%B1%D8%A7%D9%87-%D8%B1%D9%88%D9%86%D8%A7%D8%B4?_ref=16
برنامه‌نویس پایتون (Django-آقا),منش | Manesh,تهران، تهران,قرارداد پاره‌وقت,(حقوق توافقی),https://jobinja.ir/companies/manesh-1/jobs/CFcs/%D8%A7%D8%B3%D8%AA%D8%AE%D8%AF%D8%A7%D9%85-%D8%A8%D8%B1%D9%86%D8%A7%D9%85%D9%87-%D9%86%D9%88%DB%8C%D8%B3-%D9%BE%D8%A7%DB%8C%D8%AA%D9%88%D9%86-django-%D8%A2%D9%82%D8%A7-%D8%AF%D8%B1-%D9%85%D9%86%D8%B4?_ref=16
برنامه‌نویس پایتون (Python/Django),پویان افزار فناور | Poyan Afzar Fanavar,تهران، تهران,قرارداد تمام‌وقت,"(حقوق از ۱۵,۰۰۰,۰۰۰ تومان)",https://jobinja.ir/companies/poyan-afzar-fanavar/jobs/CzQ9/%D8%A7%D8%B3%D8%AA%D8%AE%D8%AF%D8%A7%D9%85-%D8%A8%D8%B1%D9%86%D8%A7%D9%85%D9%87-%D9%86%D9%88%DB%8C%D8%B3-%D9%BE%D8%A7%DB%8C%D8%AA%D9%88%D9%86-python-django-%D8%AF%D8%B1-%D9%BE%D9%88%DB%8C%D8%A7%D9%86-%D8%A7%D9%81%D8%B2%D8%A7%D8%B1-%D9%81%D9%86%D8%A7%D9%88%D8%B1?_ref=16
(Senior Back-End Developer (Django,مدافون | Medafone,تهران، تهران,قرارداد پاره‌وقت,(حقوق توافقی),https://jobinja.ir/companies/medafone/jobs/C6TK/%D8%A7%D8%B3%D8%AA%D8%AE%D8%AF%D8%A7%D9%85-senior-back-end-developer-django-%D8%AF%D8%B1-%D9%85%D8%AF%D8%A7%D9%81%D9%88%D9%86?_ref=16
برنامه‌نویس بک اند (پایتون-Django),کلید طلایی | Golden Key,تهران، تهران,قرارداد تمام‌وقت,(حقوق توافقی),https://jobinja.ir/companies/golden-key-2/jobs/CLRj/%D8%A7%D8%B3%D8%AA%D8%AE%D8%AF%D8%A7%D9%85-%D8%A8%D8%B1%D9%86%D8%A7%D9%85%D9%87-%D9%86%D9%88%DB%8C%D8%B3-%D8%A8%DA%A9-%D8%A7%D9%86%D8%AF-%D9%BE%D8%A7%DB%8C%D8%AA%D9%88%D9%86-django-%D8%AF%D8%B1-%DA%A9%D9%84%DB%8C%D8%AF-%D8%B7%D9%84%D8%A7%DB%8C%DB%8C?_ref=16
برنامه‌نویس ارشد (Python (Django,مونا تکنولوژی | MonaTecg,تهران، تهران,قرارداد تمام‌وقت,"(حقوق از ۳۵,۰۰۰,۰۰۰ تومان)",https://jobinja.ir/companies/monatecg/jobs/CF4g/%D8%A7%D8%B3%D8%AA%D8%AE%D8%AF%D8%A7%D9%85-%D8%A8%D8%B1%D9%86%D8%A7%D9%85%D9%87-%D9%86%D9%88%DB%8C%D8%B3-%D8%A7%D8%B1%D8%B4%D8%AF-python-django-%D8%AF%D8%B1-%D9%85%D9%88%D9%86%D8%A7-%D8%AA%DA%A9%D9%86%D9%88%D9%84%D9%88%DA%98%DB%8C?_ref=16
(Senior Back-End Developer (Django,عرش | ARSH,تهران، تهران,قرارداد تمام‌وقت,(حقوق توافقی),https://jobinja.ir/companies/amid-rayaneh-sharif-arsh/jobs/CJlh/%D8%A7%D8%B3%D8%AA%D8%AE%D8%AF%D8%A7%D9%85-senior-back-end-developer-django-%D8%AF%D8%B1-%D8%B9%D8%B1%D8%B4?_ref=16
Django) Full-stack Developer-دورکاری),اپتک | App Tech,تهران، تهران,قرارداد دورکاری,(حقوق توافقی),https://jobinja.ir/companies/apptech/jobs/CJwO/%D8%A7%D8%B3%D8%AA%D8%AE%D8%AF%D8%A7%D9%85-django-full-stack-developer-%D8%AF%D9%88%D8%B1%DA%A9%D8%A7%D8%B1%DB%8C-%D8%AF%D8%B1-%D8%A7%D9%BE%D8%AA%DA%A9?_ref=16
برنامه‌نویس پایتون (Python/Django),آینده پژوهان لوتوس | APLotus,تهران، تهران,قرارداد تمام‌وقت,(حقوق توافقی),https://jobinja.ir/companies/aplotus-1/jobs/CJFe/%D8%A7%D8%B3%D8%AA%D8%AE%D8%AF%D8%A7%D9%85-%D8%A8%D8%B1%D9%86%D8%A7%D9%85%D9%87-%D9%86%D9%88%DB%8C%D8%B3-%D9%BE%D8%A7%DB%8C%D8%AA%D9%88%D9%86-python-django-%D8%AF%D8%B1-%D8%A2%DB%8C%D9%86%D8%AF%D9%87-%D9%BE%DA%98%D9%88%D9%87%D8%A7%D9%86-%D9%84%D9%88%D8%AA%D9%88%D8%B3?_ref=16
Python-Django) Back-End Developer),آرتا ویژن آوا | Atra Vision Ava,تهران، تهران,قرارداد تمام‌وقت,(حقوق توافقی),https://jobinja.ir/companies/atra-vision-ava/jobs/C6xJ/%D8%A7%D8%B3%D8%AA%D8%AE%D8%AF%D8%A7%D9%85-python-django-back-end-developer-%D8%AF%D8%B1-%D8%A2%D8%B1%D8%AA%D8%A7-%D9%88%DB%8C%DA%98%D9%86-%D8%A2%D9%88%D8%A7?_ref=16
Django) Back-End Developer-دورکاری),بیت‌ پین | Bitpin,تهران، تهران,قرارداد دورکاری,(حقوق توافقی),https://jobinja.ir/companies/bitpin/jobs/CAlO/%D8%A7%D8%B3%D8%AA%D8%AE%D8%AF%D8%A7%D9%85-django-back-end-developer-%D8%AF%D9%88%D8%B1%DA%A9%D8%A7%D8%B1%DB%8C-%D8%AF%D8%B1-%D8%A8%DB%8C%D8%AA-%D9%BE%DB%8C%D9%86?_ref=16
(Senior Back-End Developer (Django,کوین پلاس | Coin Plus,تهران، تهران,قرارداد تمام‌وقت,(حقوق توافقی),https://jobinja.ir/companies/coin-plus/jobs/RBwc/%D8%A7%D8%B3%D8%AA%D8%AE%D8%AF%D8%A7%D9%85-senior-back-end-developer-django-%D8%AF%D8%B1-%DA%A9%D9%88%DB%8C%D9%86-%D9%BE%D9%84%D8%A7%D8%B3?_ref=16
کارآموز برنامه‌نویسی جنگو (Django-رودهن),فناوران امین ایده ویرا | Technologists Amin Idea Vira,تهران، رودهن,قرارداد تمام‌وقت,(حقوق توافقی),https://jobinja.ir/companies/sass/jobs/RdPT/%D8%A7%D8%B3%D8%AA%D8%AE%D8%AF%D8%A7%D9%85-%DA%A9%D8%A7%D8%B1%D8%A2%D9%85%D9%88%D8%B2-%D8%A8%D8%B1%D9%86%D8%A7%D9%85%D9%87-%D9%86%D9%88%DB%8C%D8%B3%DB%8C-%D8%AC%D9%86%DA%AF%D9%88-django-%D8%B1%D9%88%D8%AF%D9%87%D9%86-%D8%AF%D8%B1-%D9%81%D9%86%D8%A7%D9%88%D8%B1%D8%A7%D9%86-%D8%A7%D9%85%DB%8C%D9%86-%D8%A7%DB%8C%D8%AF%D9%87-%D9%88%DB%8C%D8%B1%D8%A7?_ref=16
Remote-Python/Django) Senior Back-End Developer),می‌تایم | Me Time,تهران، تهران,قرارداد دورکاری,"(حقوق از ۱۵,۰۰۰,۰۰۰ تومان)",https://jobinja.ir/companies/mojhe/jobs/CFrH/%D8%A7%D8%B3%D8%AA%D8%AE%D8%AF%D8%A7%D9%85-remote-python-django-senior-back-end-developer-%D8%AF%D8%B1-%D9%85%DB%8C-%D8%AA%D8%A7%DB%8C%D9%85?_ref=16
کارشناس ارشد Django) Back-End Python),تریبون | Triboon,تهران، تهران,قرارداد تمام‌وقت,(حقوق توافقی),https://jobinja.ir/companies/triboon/jobs/Czfi/%D8%A7%D8%B3%D8%AA%D8%AE%D8%AF%D8%A7%D9%85-%DA%A9%D8%A7%D8%B1%D8%B4%D9%86%D8%A7%D8%B3-%D8%A7%D8%B1%D8%B4%D8%AF-django-back-end-python-%D8%AF%D8%B1-%D8%AA%D8%B1%DB%8C%D8%A8%D9%88%D9%86?_ref=16
Senior Back-End Developer (Remote-Django),تجارت همراه روناش | Ronash,تهران، تهران,قرارداد دورکاری,"(حقوق از ۲۰,۰۰۰,۰۰۰ تومان)",https://jobinja.ir/companies/ronashco/jobs/ReYy/%D8%A7%D8%B3%D8%AA%D8%AE%D8%AF%D8%A7%D9%85-senior-back-end-developer-remote-django-%D8%AF%D8%B1-%D8%AA%D8%AC%D8%A7%D8%B1%D8%AA-%D9%87%D9%85%D8%B1%D8%A7%D9%87-%D8%B1%D9%88%D9%86%D8%A7%D8%B4?_ref=16
(دورکاری-Python/Django) Senior Back-End Developer,تحقیقات رایکا | Raika Research,تهران، تهران,قرارداد دورکاری,"(حقوق از ۳۵,۰۰۰,۰۰۰ تومان)",https://jobinja.ir/companies/ethica-data/jobs/CLSc/%D8%A7%D8%B3%D8%AA%D8%AE%D8%AF%D8%A7%D9%85-%D8%AF%D9%88%D8%B1%DA%A9%D8%A7%D8%B1%DB%8C-python-django-senior-back-end-developer-%D8%AF%D8%B1-%D8%AA%D8%AD%D9%82%DB%8C%D9%82%D8%A7%D8%AA-%D8%B1%D8%A7%DB%8C%DA%A9%D8%A7?_ref=16
برنامه‌نویس پایتون (Python/Django-دورکاری),آسیا نگار گلسار | ANG,تهران، تهران,قرارداد دورکاری,"(حقوق از ۶,۵۰۰,۰۰۰ تومان)",https://jobinja.ir/companies/ang/jobs/CLxt/%D8%A7%D8%B3%D8%AA%D8%AE%D8%AF%D8%A7%D9%85-%D8%A8%D8%B1%D9%86%D8%A7%D9%85%D9%87-%D9%86%D9%88%DB%8C%D8%B3-%D9%BE%D8%A7%DB%8C%D8%AA%D9%88%D9%86-python-django-%D8%AF%D9%88%D8%B1%DA%A9%D8%A7%D8%B1%DB%8C-%D8%AF%D8%B1-%D8%A2%D8%B3%DB%8C%D8%A7-%D9%86%DA%AF%D8%A7%D8%B1-%DA%AF%D9%84%D8%B3%D8%A7%D8%B1?_ref=16
برنامه‌نویس ارشد جنگو (Django-دورکاری),ترب | Torob,تهران، تهران,قرارداد دورکاری,(حقوق توافقی),https://jobinja.ir/companies/torob/jobs/C04N/%D8%A7%D8%B3%D8%AA%D8%AE%D8%AF%D8%A7%D9%85-%D8%A8%D8%B1%D9%86%D8%A7%D9%85%D9%87-%D9%86%D9%88%DB%8C%D8%B3-%D8%A7%D8%B1%D8%B4%D8%AF-%D8%AC%D9%86%DA%AF%D9%88-django-%D8%AF%D9%88%D8%B1%DA%A9%D8%A7%D8%B1%DB%8C-%D8%AF%D8%B1-%D8%AA%D8%B1%D8%A8?_ref=16
Django) Senior Back-End Developer-دورکاری),مدیفا | Medifa,تهران، تهران,قرارداد دورکاری,(حقوق توافقی),https://jobinja.ir/companies/medifa/jobs/Czkp/%D8%A7%D8%B3%D8%AA%D8%AE%D8%AF%D8%A7%D9%85-django-senior-back-end-developer-%D8%AF%D9%88%D8%B1%DA%A9%D8%A7%D8%B1%DB%8C-%D8%AF%D8%B1-%D9%85%D8%AF%DB%8C%D9%81%D8%A7?_ref=16
توسعه‌دهنده ارشد زیرساخت (Python-Django),مهسان | Mahsan,تهران، تهران,قرارداد تمام‌وقت,(حقوق توافقی),https://jobinja.ir/companies/mahsan-1/jobs/RG8R/%D8%A7%D8%B3%D8%AA%D8%AE%D8%AF%D8%A7%D9%85-%D8%AA%D9%88%D8%B3%D8%B9%D9%87-%D8%AF%D9%87%D9%86%D8%AF%D9%87-%D8%A7%D8%B1%D8%B4%D8%AF-%D8%B2%DB%8C%D8%B1%D8%B3%D8%A7%D8%AE%D8%AA-python-django-%D8%AF%D8%B1-%D9%85%D9%87%D8%B3%D8%A7%D9%86?_ref=16
برنامه‌نویس Django-React) Full Stack),نرم افزاری داتیس آرین قشم | Dotin,تهران، تهران,قرارداد تمام‌وقت,(حقوق توافقی),https://jobinja.ir/companies/dotin/jobs/RNep/%D8%A7%D8%B3%D8%AA%D8%AE%D8%AF%D8%A7%D9%85-%D8%A8%D8%B1%D9%86%D8%A7%D9%85%D9%87-%D9%86%D9%88%DB%8C%D8%B3-django-react-full-stack-%D8%AF%D8%B1-%D9%86%D8%B1%D9%85-%D8%A7%D9%81%D8%B2%D8%A7%D8%B1%DB%8C-%D8%AF%D8%A7%D8%AA%DB%8C%D8%B3-%D8%A2%D8%B1%DB%8C%D9%86-%D9%82%D8%B4%D9%85?_ref=16
Django/Python) Full-stack Developer-دورکاری),اپتک | App Tech,تهران، تهران,قرارداد دورکاری,(حقوق توافقی),https://jobinja.ir/companies/apptech/jobs/C2xd/%D8%A7%D8%B3%D8%AA%D8%AE%D8%AF%D8%A7%D9%85-django-python-full-stack-developer-%D8%AF%D9%88%D8%B1%DA%A9%D8%A7%D8%B1%DB%8C-%D8%AF%D8%B1-%D8%A7%D9%BE%D8%AA%DA%A9?_ref=16
Senior Back-End (Django-جذب نیرو به صورت امریه-آقا),استارت آپ هم افزا | HamAfza Startup,تهران، تهران,قرارداد تمام‌وقت,(حقوق توافقی),https://jobinja.ir/companies/startup-24/jobs/CLXL/%D8%A7%D8%B3%D8%AA%D8%AE%D8%AF%D8%A7%D9%85-senior-back-end-django-%D8%AC%D8%B0%D8%A8-%D9%86%DB%8C%D8%B1%D9%88-%D8%A8%D9%87-%D8%B5%D9%88%D8%B1%D8%AA-%D8%A7%D9%85%D8%B1%DB%8C%D9%87-%D8%A2%D9%82%D8%A7-%D8%AF%D8%B1-%D8%A7%D8%B3%D8%AA%D8%A7%D8%B1%D8%AA-%D8%A2%D9%BE-%D9%87%D9%85-%D8%A7%D9%81%D8%B2%D8%A7?_ref=16
برنامه‌نویس پایتون (Python),ارتباطات فرهنگ آزما | Azma group,تهران، تهران,قرارداد تمام‌وقت,(حقوق توافقی),https://jobinja.ir/companies/azma-group-3/jobs/CF4E/%D8%A7%D8%B3%D8%AA%D8%AE%D8%AF%D8%A7%D9%85-%D8%A8%D8%B1%D9%86%D8%A7%D9%85%D9%87-%D9%86%D9%88%DB%8C%D8%B3-%D9%BE%D8%A7%DB%8C%D8%AA%D9%88%D9%86-python-%D8%AF%D8%B1-%D8%A7%D8%B1%D8%AA%D8%A8%D8%A7%D8%B7%D8%A7%D8%AA-%D9%81%D8%B1%D9%87%D9%86%DA%AF-%D8%A2%D8%B2%D9%85%D8%A7?_ref=16
برنامه‌نویس پایتون,مرکز نوآوری و شتابدهی برنا | Burna,تهران، تهران,قرارداد تمام‌وقت,(حقوق توافقی),https://jobinja.ir/companies/zaeim-5/jobs/RL1u/%D8%A7%D8%B3%D8%AA%D8%AE%D8%AF%D8%A7%D9%85-%D8%A8%D8%B1%D9%86%D8%A7%D9%85%D9%87-%D9%86%D9%88%DB%8C%D8%B3-%D9%BE%D8%A7%DB%8C%D8%AA%D9%88%D9%86-%D8%AF%D8%B1-%D9%85%D8%B1%DA%A9%D8%B2-%D9%86%D9%88%D8%A2%D9%88%D8%B1%DB%8C-%D9%88-%D8%B4%D8%AA%D8%A7%D8%A8%D8%AF%D9%87%DB%8C-%D8%A8%D8%B1%D9%86%D8%A7?_ref=16
Python Developer(دورکاری),بلاک‌کورپ | ‌BlockCorp,تهران، تهران,قرارداد دورکاری,(حقوق توافقی),https://jobinja.ir/companies/blockcorp/jobs/CzuC/%D8%A7%D8%B3%D8%AA%D8%AE%D8%AF%D8%A7%D9%85-python-developer-%D8%AF%D9%88%D8%B1%DA%A9%D8%A7%D8%B1%DB%8C-%D8%AF%D8%B1-%D8%A8%D9%84%D8%A7%DA%A9-%DA%A9%D9%88%D8%B1%D9%BE?_ref=16
توسعه دهندهDjango) Python),چترنیلی | Chatr Nili,تهران، تهران,قرارداد تمام‌وقت,(حقوق توافقی),https://jobinja.ir/companies/chatrenili/jobs/CR7Y/%D8%A7%D8%B3%D8%AA%D8%AE%D8%AF%D8%A7%D9%85-%D8%AA%D9%88%D8%B3%D8%B9%D9%87-%D8%AF%D9%87%D9%86%D8%AF%D9%87django-python-%D8%AF%D8%B1-%DA%86%D8%AA%D8%B1%D9%86%DB%8C%D9%84%DB%8C?_ref=16
Python Developer,آیرین | Ireen,تهران، تهران,قرارداد تمام‌وقت,"(حقوق از ۳۰,۰۰۰,۰۰۰ تومان)",https://jobinja.ir/companies/ireen-1/jobs/Czbe/%D8%A7%D8%B3%D8%AA%D8%AE%D8%AF%D8%A7%D9%85-python-developer-%D8%AF%D8%B1-%D8%A2%DB%8C%D8%B1%DB%8C%D9%86?_ref=16
کارشناس برنامه‌نویسی پایتون,پرشین گستر | Persian Gostar,تهران، تهران,قرارداد تمام‌وقت,"(حقوق از ۹,۰۰۰,۰۰۰ تومان)",https://jobinja.ir/companies/persian-gostar/jobs/RiEN/%D8%A7%D8%B3%D8%AA%D8%AE%D8%AF%D8%A7%D9%85-%DA%A9%D8%A7%D8%B1%D8%B4%D9%86%D8%A7%D8%B3-%D8%A8%D8%B1%D9%86%D8%A7%D9%85%D9%87-%D9%86%D9%88%DB%8C%D8%B3%DB%8C-%D9%BE%D8%A7%DB%8C%D8%AA%D9%88%D9%86-%D8%AF%D8%B1-%D9%BE%D8%B1%D8%B4%DB%8C%D9%86-%DA%AF%D8%B3%D8%AA%D8%B1?_ref=16
برنامه‌نویس Python ( جنگو),فن آوران هوش مکانی | Fahmco,تهران، تهران,قرارداد تمام‌وقت,"(حقوق از ۸,۰۰۰,۰۰۰ تومان)",https://jobinja.ir/companies/fahmco/jobs/CJdd/%D8%A7%D8%B3%D8%AA%D8%AE%D8%AF%D8%A7%D9%85-%D8%A8%D8%B1%D9%86%D8%A7%D9%85%D9%87-%D9%86%D9%88%DB%8C%D8%B3-python-%D8%AC%D9%86%DA%AF%D9%88-%D8%AF%D8%B1-%D9%81%D9%86-%D8%A2%D9%88%D8%B1%D8%A7%D9%86-%D9%87%D9%88%D8%B4-%D9%85%DA%A9%D8%A7%D9%86%DB%8C?_ref=16
برنامه‌نویس پایتون (Python-آقا),مرکز تحقیقاتی پرنیان | Parnian,تهران، تهران,قرارداد تمام‌وقت,"(حقوق از ۸,۰۰۰,۰۰۰ تومان)",https://jobinja.ir/companies/parnian-8/jobs/RB01/%D8%A7%D8%B3%D8%AA%D8%AE%D8%AF%D8%A7%D9%85-%D8%A8%D8%B1%D9%86%D8%A7%D9%85%D9%87-%D9%86%D9%88%DB%8C%D8%B3-%D9%BE%D8%A7%DB%8C%D8%AA%D9%88%D9%86-python-%D8%A2%D9%82%D8%A7-%D8%AF%D8%B1-%D9%85%D8%B1%DA%A9%D8%B2-%D8%AA%D8%AD%D9%82%DB%8C%D9%82%D8%A7%D8%AA%DB%8C-%D9%BE%D8%B1%D9%86%DB%8C%D8%A7%D9%86?_ref=16
(Senior Back-End Developer (Python,گروه نارون | Narvan HR Group,تهران، تهران,قرارداد تمام‌وقت,(حقوق توافقی),https://jobinja.ir/companies/narvan-hr-group/jobs/CJa0/%D8%A7%D8%B3%D8%AA%D8%AE%D8%AF%D8%A7%D9%85-senior-back-end-developer-python-%D8%AF%D8%B1-%DA%AF%D8%B1%D9%88%D9%87-%D9%86%D8%A7%D8%B1%D9%88%D9%86?_ref=16
برنامه‌نویس Python,شبکه بهبود تجربه فروش | Behbood Tajrobeh,تهران، تهران,قرارداد تمام‌وقت,(حقوق توافقی),https://jobinja.ir/companies/behbood-tajrobeh/jobs/C65y/%D8%A7%D8%B3%D8%AA%D8%AE%D8%AF%D8%A7%D9%85-%D8%A8%D8%B1%D9%86%D8%A7%D9%85%D9%87-%D9%86%D9%88%DB%8C%D8%B3-python-%D8%AF%D8%B1-%D8%B4%D8%A8%DA%A9%D9%87-%D8%A8%D9%87%D8%A8%D9%88%D8%AF-%D8%AA%D8%AC%D8%B1%D8%A8%D9%87-%D9%81%D8%B1%D9%88%D8%B4?_ref=16
(Senior Back-End Developer (Python,ایران پروموت | Iran Promote,تهران، تهران,قرارداد تمام‌وقت,"(حقوق از ۱۶,۰۰۰,۰۰۰ تومان)",https://jobinja.ir/companies/iranpromote/jobs/C6oK/%D8%A7%D8%B3%D8%AA%D8%AE%D8%AF%D8%A7%D9%85-senior-back-end-developer-python-%D8%AF%D8%B1-%D8%A7%DB%8C%D8%B1%D8%A7%D9%86-%D9%BE%D8%B1%D9%88%D9%85%D9%88%D8%AA?_ref=16
Senior Python Developer,دیجیتون | Digitoon,تهران، تهران,قرارداد تمام‌وقت,(حقوق توافقی),https://jobinja.ir/companies/digitoon/jobs/C6Pm/%D8%A7%D8%B3%D8%AA%D8%AE%D8%AF%D8%A7%D9%85-senior-python-developer-%D8%AF%D8%B1-%D8%AF%DB%8C%D8%AC%DB%8C%D8%AA%D9%88%D9%86?_ref=16
برنامه‌نویس ارشد جنگو,فوتبال 360 | football360,تهران، تهران,قرارداد تمام‌وقت,(حقوق توافقی),https://jobinja.ir/companies/football360-1/jobs/RQU2/%D8%A7%D8%B3%D8%AA%D8%AE%D8%AF%D8%A7%D9%85-%D8%A8%D8%B1%D9%86%D8%A7%D9%85%D9%87-%D9%86%D9%88%DB%8C%D8%B3-%D8%A7%D8%B1%D8%B4%D8%AF-%D8%AC%D9%86%DA%AF%D9%88-%D8%AF%D8%B1-%D9%81%D9%88%D8%AA%D8%A8%D8%A7%D9%84-360?_ref=16
برنامه‌نویس ارشد Python,سینماتیکت | Cinema Ticket,تهران، تهران,قرارداد تمام‌وقت,"(حقوق از ۱۲,۰۰۰,۰۰۰ تومان)",https://jobinja.ir/companies/cinema-ticket/jobs/CqQp/%D8%A7%D8%B3%D8%AA%D8%AE%D8%AF%D8%A7%D9%85-%D8%A8%D8%B1%D9%86%D8%A7%D9%85%D9%87-%D9%86%D9%88%DB%8C%D8%B3-%D8%A7%D8%B1%D8%B4%D8%AF-python-%D8%AF%D8%B1-%D8%B3%DB%8C%D9%86%D9%85%D8%A7%D8%AA%DB%8C%DA%A9%D8%AA?_ref=16
برنامه‌نویس پایتون,هلدینگ ایده پردازان درنیان | Idepardazandornian Holding,تهران، تهران,قرارداد تمام‌وقت,(حقوق حقوق پایه (وزارت کار)),https://jobinja.ir/companies/idepardazandornian-holding/jobs/C0TC/%D8%A7%D8%B3%D8%AA%D8%AE%D8%AF%D8%A7%D9%85-%D8%A8%D8%B1%D9%86%D8%A7%D9%85%D9%87-%D9%86%D9%88%DB%8C%D8%B3-%D9%BE%D8%A7%DB%8C%D8%AA%D9%88%D9%86-%D8%AF%D8%B1-%D9%87%D9%84%D8%AF%DB%8C%D9%86%DA%AF-%D8%A7%DB%8C%D8%AF%D9%87-%D9%BE%D8%B1%D8%AF%D8%A7%D8%B2%D8%A7%D9%86-%D8%AF%D8%B1%D9%86%DB%8C%D8%A7%D9%86?_ref=16
برنامه‌نویسPython,تجارت الکترونیک امن موج | Amn Moj,تهران، تهران,قرارداد تمام‌وقت,(حقوق توافقی),https://jobinja.ir/companies/amn-moj-company/jobs/C02s/%D8%A7%D8%B3%D8%AA%D8%AE%D8%AF%D8%A7%D9%85-%D8%A8%D8%B1%D9%86%D8%A7%D9%85%D9%87-%D9%86%D9%88%DB%8C%D8%B3python-%D8%AF%D8%B1-%D8%AA%D8%AC%D8%A7%D8%B1%D8%AA-%D8%A7%D9%84%DA%A9%D8%AA%D8%B1%D9%88%D9%86%DB%8C%DA%A9-%D8%A7%D9%85%D9%86-%D9%85%D9%88%D8%AC?_ref=16
Senior Front-End Developer (صرافی-React),گروه مالی کاریزما | Charisma Financial Group,تهران، تهران,قرارداد تمام‌وقت,"(حقوق از ۱۸,۰۰۰,۰۰۰ تومان)",https://jobinja.ir/companies/charisma-financial-services-group/jobs/C0SJ/%D8%A7%D8%B3%D8%AA%D8%AE%D8%AF%D8%A7%D9%85-senior-front-end-developer-%D8%B5%D8%B1%D8%A7%D9%81%DB%8C-react-%D8%AF%D8%B1-%DA%AF%D8%B1%D9%88%D9%87-%D9%85%D8%A7%D9%84%DB%8C-%DA%A9%D8%A7%D8%B1%DB%8C%D8%B2%D9%85%D8%A7?_ref=16
برنامه‌نویس Full Stack,هومکا | Homeca,تهران، تهران,قرارداد تمام‌وقت,(حقوق توافقی),https://jobinja.ir/companies/homeca-1/jobs/C0Ym/%D8%A7%D8%B3%D8%AA%D8%AE%D8%AF%D8%A7%D9%85-%D8%A8%D8%B1%D9%86%D8%A7%D9%85%D9%87-%D9%86%D9%88%DB%8C%D8%B3-full-stack-%D8%AF%D8%B1-%D9%87%D9%88%D9%85%DA%A9%D8%A7?_ref=16
Python Developer (Machine Learning-دورکاری),اسکواد | Squad Global,تهران، تهران,قرارداد دورکاری,(حقوق توافقی),https://jobinja.ir/companies/squadshop/jobs/RBIw/%D8%A7%D8%B3%D8%AA%D8%AE%D8%AF%D8%A7%D9%85-python-developer-machine-learning-%D8%AF%D9%88%D8%B1%DA%A9%D8%A7%D8%B1%DB%8C-%D8%AF%D8%B1-%D8%A7%D8%B3%DA%A9%D9%88%D8%A7%D8%AF?_ref=16
برنامه‌نویس پایتون (Python),سبا پردازش | Sabapardazesh,تهران، تهران,قرارداد تمام‌وقت,(حقوق توافقی),https://jobinja.ir/companies/sabapardazesh/jobs/CLcz/%D8%A7%D8%B3%D8%AA%D8%AE%D8%AF%D8%A7%D9%85-%D8%A8%D8%B1%D9%86%D8%A7%D9%85%D9%87-%D9%86%D9%88%DB%8C%D8%B3-%D9%BE%D8%A7%DB%8C%D8%AA%D9%88%D9%86-python-%D8%AF%D8%B1-%D8%B3%D8%A8%D8%A7-%D9%BE%D8%B1%D8%AF%D8%A7%D8%B2%D8%B4?_ref=16
برنامه‌نویس (Back-End (python,سهمتو | Sahmeto,تهران، تهران,قرارداد تمام‌وقت,(حقوق توافقی),https://jobinja.ir/companies/negarbi/jobs/Cc3i/%D8%A7%D8%B3%D8%AA%D8%AE%D8%AF%D8%A7%D9%85-%D8%A8%D8%B1%D9%86%D8%A7%D9%85%D9%87-%D9%86%D9%88%DB%8C%D8%B3-back-end-python-%D8%AF%D8%B1-%D8%B3%D9%87%D9%85%D8%AA%D9%88?_ref=16
Python Developer,هیدیکا | Hidica,تهران، تهران,قرارداد تمام‌وقت,"(حقوق از ۱۸,۰۰۰,۰۰۰ تومان)",https://jobinja.ir/companies/hidica-1/jobs/Cc8X/%D8%A7%D8%B3%D8%AA%D8%AE%D8%AF%D8%A7%D9%85-python-developer-%D8%AF%D8%B1-%D9%87%DB%8C%D8%AF%DB%8C%DA%A9%D8%A7?_ref=16
برنامه‌نویس Python,اگزا | Exa DataScience Lab,تهران، تهران,قرارداد تمام‌وقت,(حقوق توافقی),https://jobinja.ir/companies/exa-datascience-lab/jobs/CcIS/%D8%A7%D8%B3%D8%AA%D8%AE%D8%AF%D8%A7%D9%85-%D8%A8%D8%B1%D9%86%D8%A7%D9%85%D9%87-%D9%86%D9%88%DB%8C%D8%B3-python-%D8%AF%D8%B1-%D8%A7%DA%AF%D8%B2%D8%A7?_ref=16
Senior Python Developer,اسنپ شاپ | SnappShop,تهران، تهران,قرارداد تمام‌وقت,(حقوق توافقی),https://jobinja.ir/companies/snappshop/jobs/CFR1/%D8%A7%D8%B3%D8%AA%D8%AE%D8%AF%D8%A7%D9%85-senior-python-developer-%D8%AF%D8%B1-%D8%A7%D8%B3%D9%86%D9%BE-%D8%B4%D8%A7%D9%BE?_ref=16
برنامه‌نویس Python,توسعه سامانه‌های نرم‌افزاری نگین (توسن) | Tosan,تهران، تهران,قرارداد تمام‌وقت,(حقوق توافقی),https://jobinja.ir/companies/tosan/jobs/CzZB/%D8%A7%D8%B3%D8%AA%D8%AE%D8%AF%D8%A7%D9%85-%D8%A8%D8%B1%D9%86%D8%A7%D9%85%D9%87-%D9%86%D9%88%DB%8C%D8%B3-python-%D8%AF%D8%B1-%D8%AA%D9%88%D8%B3%D8%B9%D9%87-%D8%B3%D8%A7%D9%85%D8%A7%D9%86%D9%87-%D9%87%D8%A7%DB%8C-%D9%86%D8%B1%D9%85-%D8%A7%D9%81%D8%B2%D8%A7%D8%B1%DB%8C-%D9%86%DA%AF%DB%8C%D9%86-%D8%AA%D9%88%D8%B3%D9%86?_ref=16
(Senior Back-End Developer (Python,اسنپ روم | Snapp Room,تهران، تهران,قرارداد تمام‌وقت,(حقوق توافقی),https://jobinja.ir/companies/zoodroom-1/jobs/CzSO/%D8%A7%D8%B3%D8%AA%D8%AE%D8%AF%D8%A7%D9%85-senior-back-end-developer-python-%D8%AF%D8%B1-%D8%A7%D8%B3%D9%86%D9%BE-%D8%B1%D9%88%D9%85?_ref=16
برنامه‌نویس ارشد Python,راهکارهای مالی هوشمند سامان (موبایلت) | Mobillet,تهران، تهران,قرارداد تمام‌وقت,(حقوق توافقی),https://jobinja.ir/companies/mobillet-1/jobs/R7Cq/%D8%A7%D8%B3%D8%AA%D8%AE%D8%AF%D8%A7%D9%85-%D8%A8%D8%B1%D9%86%D8%A7%D9%85%D9%87-%D9%86%D9%88%DB%8C%D8%B3-%D8%A7%D8%B1%D8%B4%D8%AF-python-%D8%AF%D8%B1-%D8%B1%D8%A7%D9%87%DA%A9%D8%A7%D8%B1%D9%87%D8%A7%DB%8C-%D9%85%D8%A7%D9%84%DB%8C-%D9%87%D9%88%D8%B4%D9%85%D9%86%D8%AF-%D8%B3%D8%A7%D9%85%D8%A7%D9%86-%D9%85%D9%88%D8%A8%D8%A7%DB%8C%D9%84%D8%AA?_ref=16
برنامه‌نویس پایتون (Python),رایا نشر فرهنگ | Raya Nashr Farhang,تهران، تهران,قرارداد تمام‌وقت,(حقوق توافقی),https://jobinja.ir/companies/raya-nashr-farhang/jobs/C6Mw/%D8%A7%D8%B3%D8%AA%D8%AE%D8%AF%D8%A7%D9%85-%D8%A8%D8%B1%D9%86%D8%A7%D9%85%D9%87-%D9%86%D9%88%DB%8C%D8%B3-%D9%BE%D8%A7%DB%8C%D8%AA%D9%88%D9%86-python-%D8%AF%D8%B1-%D8%B1%D8%A7%DB%8C%D8%A7-%D9%86%D8%B4%D8%B1-%D9%81%D8%B1%D9%87%D9%86%DA%AF?_ref=16
برنامه‌نویس Python,گروه شرکت های طرفه نگار | Torfehnegar,تهران، تهران,قرارداد تمام‌وقت,(حقوق توافقی),https://jobinja.ir/companies/torfehnegar-3/jobs/C61q/%D8%A7%D8%B3%D8%AA%D8%AE%D8%AF%D8%A7%D9%85-%D8%A8%D8%B1%D9%86%D8%A7%D9%85%D9%87-%D9%86%D9%88%DB%8C%D8%B3-python-%D8%AF%D8%B1-%DA%AF%D8%B1%D9%88%D9%87-%D8%B4%D8%B1%DA%A9%D8%AA-%D9%87%D8%A7%DB%8C-%D8%B7%D8%B1%D9%81%D9%87-%D9%86%DA%AF%D8%A7%D8%B1?_ref=16
برنامه‌نویس Back-End) Python),بازی گستران دریک | Bazigostaran Derick,تهران، تهران,قرارداد تمام‌وقت,(حقوق توافقی),https://jobinja.ir/companies/medrick/jobs/CtrW/%D8%A7%D8%B3%D8%AA%D8%AE%D8%AF%D8%A7%D9%85-%D8%A8%D8%B1%D9%86%D8%A7%D9%85%D9%87-%D9%86%D9%88%DB%8C%D8%B3-back-end-python-%D8%AF%D8%B1-%D8%A8%D8%A7%D8%B2%DB%8C-%DA%AF%D8%B3%D8%AA%D8%B1%D8%A7%D9%86-%D8%AF%D8%B1%DB%8C%DA%A9?_ref=16
Senior Software Engineer,یکتانت | Yektanet,تهران، تهران,قرارداد تمام‌وقت,(حقوق توافقی),https://jobinja.ir/companies/yektanet/jobs/CLiI/%D8%A7%D8%B3%D8%AA%D8%AE%D8%AF%D8%A7%D9%85-senior-software-engineer-%D8%AF%D8%B1-%DB%8C%DA%A9%D8%AA%D8%A7%D9%86%D8%AA?_ref=16
Python Developer,نقش اول کیفیت | Naghsh Aval Keyfiat,تهران، تهران,قرارداد تمام‌وقت,(حقوق توافقی),https://jobinja.ir/companies/naghsh-aval-keyfiat/jobs/CLFN/%D8%A7%D8%B3%D8%AA%D8%AE%D8%AF%D8%A7%D9%85-python-developer-%D8%AF%D8%B1-%D9%86%D9%82%D8%B4-%D8%A7%D9%88%D9%84-%DA%A9%DB%8C%D9%81%DB%8C%D8%AA?_ref=16
Senior Python Developer (دورکاری),فلیکسین | Felixin,تهران، تهران,قرارداد دورکاری,(حقوق توافقی),https://jobinja.ir/companies/felixin/jobs/CFlP/%D8%A7%D8%B3%D8%AA%D8%AE%D8%AF%D8%A7%D9%85-senior-python-developer-%D8%AF%D9%88%D8%B1%DA%A9%D8%A7%D8%B1%DB%8C-%D8%AF%D8%B1-%D9%81%D9%84%DB%8C%DA%A9%D8%B3%DB%8C%D9%86?_ref=16
Senior Back-End Developer (دورکاری),میاره | Miare,تهران، تهران,قرارداد دورکاری,(حقوق توافقی),https://jobinja.ir/companies/miare/jobs/CFkq/%D8%A7%D8%B3%D8%AA%D8%AE%D8%AF%D8%A7%D9%85-senior-back-end-developer-%D8%AF%D9%88%D8%B1%DA%A9%D8%A7%D8%B1%DB%8C-%D8%AF%D8%B1-%D9%85%DB%8C%D8%A7%D8%B1%D9%87?_ref=16
مدرس برنامه نویسی پایتون جنگو,فردیس مهر | Fardismehr,تهران، تهران,قرارداد پاره‌وقت,(حقوق توافقی),https://jobinja.ir/companies/fardismehr/jobs/Czf2/%D8%A7%D8%B3%D8%AA%D8%AE%D8%AF%D8%A7%D9%85-%D9%85%D8%AF%D8%B1%D8%B3-%D8%A8%D8%B1%D9%86%D8%A7%D9%85%D9%87-%D9%86%D9%88%DB%8C%D8%B3%DB%8C-%D9%BE%D8%A7%DB%8C%D8%AA%D9%88%D9%86-%D8%AC%D9%86%DA%AF%D9%88-%D8%AF%D8%B1-%D9%81%D8%B1%D8%AF%DB%8C%D8%B3-%D9%85%D9%87%D8%B1?_ref=16
برنامه‌نویس ارشد Python (آقا),بهسافت | BehSoft,تهران، تهران,قرارداد تمام‌وقت,"(حقوق از ۲۰,۰۰۰,۰۰۰ تومان)",https://jobinja.ir/companies/narmafzar-ronak-elm-o-sanat/jobs/CJkz/%D8%A7%D8%B3%D8%AA%D8%AE%D8%AF%D8%A7%D9%85-%D8%A8%D8%B1%D9%86%D8%A7%D9%85%D9%87-%D9%86%D9%88%DB%8C%D8%B3-%D8%A7%D8%B1%D8%B4%D8%AF-python-%D8%A2%D9%82%D8%A7-%D8%AF%D8%B1-%D8%A8%D9%87%D8%B3%D8%A7%D9%81%D8%AA?_ref=16
Senior Back-End Developer,حس تازگی سفره خانواده | Hese Tazegi Sofreye Khanevadeh,تهران، تهران,قرارداد تمام‌وقت,"(حقوق از ۲۰,۰۰۰,۰۰۰ تومان)",https://jobinja.ir/companies/amordad-trading-complex/jobs/C68z/%D8%A7%D8%B3%D8%AA%D8%AE%D8%AF%D8%A7%D9%85-senior-back-end-developer-%D8%AF%D8%B1-%D8%AD%D8%B3-%D8%AA%D8%A7%D8%B2%DA%AF%DB%8C-%D8%B3%D9%81%D8%B1%D9%87-%D8%AE%D8%A7%D9%86%D9%88%D8%A7%D8%AF%D9%87?_ref=16
Senior Python Developer,به اندیشان نوآور امرداد | Beh Andishane Noavar Amrdad,تهران، تهران,قرارداد تمام‌وقت,"(حقوق از ۲۰,۰۰۰,۰۰۰ تومان)",https://jobinja.ir/companies/sepantab-1/jobs/C6vb/%D8%A7%D8%B3%D8%AA%D8%AE%D8%AF%D8%A7%D9%85-senior-python-developer-%D8%AF%D8%B1-%D8%A8%D9%87-%D8%A7%D9%86%D8%AF%DB%8C%D8%B4%D8%A7%D9%86-%D9%86%D9%88%D8%A2%D9%88%D8%B1-%D8%A7%D9%85%D8%B1%D8%AF%D8%A7%D8%AF?_ref=16
Senior Python Developer,تیس | TiSS,تهران، تهران,قرارداد تمام‌وقت,(حقوق توافقی),https://jobinja.ir/companies/boof/jobs/Ri8A/%D8%A7%D8%B3%D8%AA%D8%AE%D8%AF%D8%A7%D9%85-senior-python-developer-%D8%AF%D8%B1-%D8%AA%DB%8C%D8%B3?_ref=16
برنامه‌نویس (Back-End (Python,مهندسی نرم افزار هلو | Holoo Software CO,تهران، تهران,قرارداد تمام‌وقت,(حقوق توافقی),https://jobinja.ir/companies/torfehnegar/jobs/CSMq/%D8%A7%D8%B3%D8%AA%D8%AE%D8%AF%D8%A7%D9%85-%D8%A8%D8%B1%D9%86%D8%A7%D9%85%D9%87-%D9%86%D9%88%DB%8C%D8%B3-back-end-python-%D8%AF%D8%B1-%D9%85%D9%87%D9%86%D8%AF%D8%B3%DB%8C-%D9%86%D8%B1%D9%85-%D8%A7%D9%81%D8%B2%D8%A7%D8%B1-%D9%87%D9%84%D9%88?_ref=16
کارشناس یادگیری ماشین (Machine Learning),گلرنگ سیستم | Golrang System,تهران، تهران,قرارداد تمام‌وقت,(حقوق توافقی),https://jobinja.ir/companies/golrang-industrial-group/jobs/CqiT/%D8%A7%D8%B3%D8%AA%D8%AE%D8%AF%D8%A7%D9%85-%DA%A9%D8%A7%D8%B1%D8%B4%D9%86%D8%A7%D8%B3-%DB%8C%D8%A7%D8%AF%DA%AF%DB%8C%D8%B1%DB%8C-%D9%85%D8%A7%D8%B4%DB%8C%D9%86-machine-learning-%D8%AF%D8%B1-%DA%AF%D9%84%D8%B1%D9%86%DA%AF-%D8%B3%DB%8C%D8%B3%D8%AA%D9%85?_ref=16
برنامه‌نویس Back-End,هوشمندنگار | HNIOT,تهران، تهران,قرارداد تمام‌وقت,(حقوق توافقی),https://jobinja.ir/companies/hniot/jobs/RLWb/%D8%A7%D8%B3%D8%AA%D8%AE%D8%AF%D8%A7%D9%85-%D8%A8%D8%B1%D9%86%D8%A7%D9%85%D9%87-%D9%86%D9%88%DB%8C%D8%B3-back-end-%D8%AF%D8%B1-%D9%87%D9%88%D8%B4%D9%85%D9%86%D8%AF%D9%86%DA%AF%D8%A7%D8%B1?_ref=16
برنامه‌نویس پایتون (Python),خانه و معماری | Khane va Memari,تهران، تهران,قرارداد تمام‌وقت,(حقوق توافقی),https://jobinja.ir/companies/khane-va-memari/jobs/CcXo/%D8%A7%D8%B3%D8%AA%D8%AE%D8%AF%D8%A7%D9%85-%D8%A8%D8%B1%D9%86%D8%A7%D9%85%D9%87-%D9%86%D9%88%DB%8C%D8%B3-%D9%BE%D8%A7%DB%8C%D8%AA%D9%88%D9%86-python-%D8%AF%D8%B1-%D8%AE%D8%A7%D9%86%D9%87-%D9%88-%D9%85%D8%B9%D9%85%D8%A7%D8%B1%DB%8C?_ref=16
کارشناس MongoDB,توسعه ارتباطات الکترونیک تجارت ایرانیان | Tejarat Iranian Development Digital,تهران، تهران,قرارداد پاره‌وقت,(حقوق توافقی),https://jobinja.ir/companies/tejarat-iranian-development-digital-company/jobs/CzS5/%D8%A7%D8%B3%D8%AA%D8%AE%D8%AF%D8%A7%D9%85-%DA%A9%D8%A7%D8%B1%D8%B4%D9%86%D8%A7%D8%B3-mongodb-%D8%AF%D8%B1-%D8%AA%D9%88%D8%B3%D8%B9%D9%87-%D8%A7%D8%B1%D8%AA%D8%A8%D8%A7%D8%B7%D8%A7%D8%AA-%D8%A7%D9%84%DA%A9%D8%AA%D8%B1%D9%88%D9%86%DB%8C%DA%A9-%D8%AA%D8%AC%D8%A7%D8%B1%D8%AA-%D8%A7%DB%8C%D8%B1%D8%A7%D9%86%DB%8C%D8%A7%D9%86?_ref=16
